scenario_id,scenario_name,method,holdout_sr,delta,bias,z_score,coverage_90,rank_pct,dispersion,delta_maxDD,pct_positive
01,bull_bull_bull,cpcv,3.976568507737778,-1.5543250652565508,-0.3908709386578097,1.7753991446485688,0,1.0,0.8754792238926202,-0.21846012420240213,1.0
01,bull_bull_bull,wf,3.976568507737778,-2.247639469680225,-0.5652208594688288,,0,1.0,0.0,-0.09139865178797738,1.0
01,bull_bull_bull,kfold,3.976568507737778,-1.2801025859815245,-0.321911362394649,,0,1.0,0.0,-0.2202110435638126,1.0
02,bear_bear_bear,cpcv,0.214525845717651,0.42156104920348036,1.9650827982672052,-0.46742825416550376,1,0.2,0.9018732724150152,-0.1409856191956056,0.8
02,bear_bear_bear,wf,0.214525845717651,1.0976162912201946,5.116475767981945,,0,0.0,0.0,-0.06539227479024456,1.0
02,bear_bear_bear,kfold,0.214525845717651,1.3053901887325408,6.0850019463418645,,0,0.0,0.0,-0.23340261550718944,1.0
03,stagnant_all,cpcv,1.169500215291482,-1.5555318365919462,-1.3300825568503645,1.6996905010944536,0,1.0,0.9151853443849444,-0.16772746781933076,0.4
03,stagnant_all,wf,1.169500215291482,-4.39996760493587,-3.762263185081362,,0,1.0,0.0,-0.377130331981529,0.0
03,stagnant_all,kfold,1.169500215291482,-1.9300817855454646,-1.6503475247881148,,0,1.0,0.0,-0.2638731389665766,0.0
04,crash_in_dev_start,cpcv,2.7144128050901912,-0.6159243802931464,-0.2269088839907242,0.7368331930030726,1,0.8,0.8359074837316376,-0.0704907152547376,1.0
04,crash_in_dev_start,wf,2.7144128050901912,-1.5430573845086801,-0.5684682085256407,,0,1.0,0.0,-0.1892647487037778,1.0
04,crash_in_dev_start,kfold,2.7144128050901912,-1.402275433925501,-0.5166036025529683,,0,1.0,0.0,-0.049582773529561364,1.0
05,crash_in_dev_end,cpcv,-3.992005902369459,1.6284788559551329,0.4079349820070526,-0.9342154700466028,1,0.2,1.7431512409807313,-1.4039028303317749,0.0
05,crash_in_dev_end,wf,-3.992005902369459,3.1102023011026287,0.7791076409121953,,0,0.0,0.0,-0.39105209139580027,0.0
05,crash_in_dev_end,kfold,-3.992005902369459,1.6741983560624423,0.4193877456615784,,0,0.0,0.0,-1.2204546504518399,0.0
06,crash_in_retrain,cpcv,8.878006282935397,-11.086436977657376,-1.2487529997547817,12.85752291871822,0,1.0,0.8622529431013136,-0.9218627428829758,0.0
06,crash_in_retrain,wf,8.878006282935397,-8.400001382711881,-0.9461585309820856,,0,1.0,0.0,-0.41747302629649047,1.0
06,crash_in_retrain,kfold,8.878006282935397,-11.703618581921674,-1.3182710406972167,,0,1.0,0.0,-1.1800462668873644,0.0
07,crash_in_holdout_start,cpcv,3.132098073572739,-6.279647774435256,-2.0049333152815847,3.285304098728883,0,1.0,1.9114357714602173,-0.6393284504304046,0.2
07,crash_in_holdout_start,wf,3.132098073572739,-5.183895594053945,-1.6550872521500422,,0,1.0,0.0,-0.49075541614461005,0.0
07,crash_in_holdout_start,kfold,3.132098073572739,-6.9724544187793,-2.226129021185445,,0,1.0,0.0,-0.8248708815880372,0.0
08,crash_in_holdout_end,cpcv,-0.7714677598830526,0.13307173760157875,0.17249163804557588,-0.19037700126515558,1,0.4,0.6989906171294162,0.36129863507367166,0.4
08,crash_in_holdout_end,wf,-0.7714677598830526,1.561502933794201,2.024067647403581,,0,0.0,0.0,0.3683850711431955,1.0
08,crash_in_holdout_end,kfold,-0.7714677598830526,1.3598834705049914,1.7627223601815027,,0,0.0,0.0,0.43744335438705206,1.0
09,bull_then_crash_holdout,cpcv,1.9542360655411628,-0.291496748789724,-0.14916148255047343,0.18983237901893651,1,0.6,1.5355480993084223,0.5355205932800263,0.8
09,bull_then_crash_holdout,wf,1.9542360655411628,-2.3282493074777344,-1.1913859070209107,,0,1.0,0.0,0.2931317024176462,0.0
09,bull_then_crash_holdout,kfold,1.9542360655411628,0.22960953251169358,0.11749324278697651,,0,0.0,0.0,0.505681663236278,1.0
10,bear_then_recovery_holdout,cpcv,3.02558312740793,-3.00602117270837,-0.9935344844693396,2.4105396536243133,0,1.0,1.2470324510898352,-0.047915447776202325,0.6
10,bear_then_recovery_holdout,wf,3.02558312740793,-6.024681024280356,-1.9912462393462,,0,1.0,0.0,-0.7799471167705772,0.0
10,bear_then_recovery_holdout,kfold,3.02558312740793,-4.911783016449189,-1.6234169776909086,,0,1.0,0.0,-0.8164690783232369,0.0
11,crash_dev_recovery_holdout,cpcv,5.810162174390174,-3.8319437536133822,-0.659524405446665,2.5589691921285316,0,1.0,1.4974559933744258,-0.18058456512385668,1.0
11,crash_dev_recovery_holdout,wf,5.810162174390174,-1.910046152449524,-0.3287423130577245,,0,1.0,0.0,-0.31307026892567,1.0
11,crash_dev_recovery_holdout,kfold,5.810162174390174,-4.946429994427699,-0.851341123700539,,0,1.0,0.0,-0.551925688866042,1.0
12,stagnant_crash_holdout,cpcv,0.8517943710150085,1.8429887422296192,2.1636545214938336,-3.6567832909745346,0,0.0,0.5039917861084029,0.432059714208798,1.0
12,stagnant_crash_holdout,wf,0.8517943710150085,0.5273861035560609,0.6191472044216741,,0,0.0,0.0,0.3326201991491803,1.0
12,stagnant_crash_holdout,kfold,0.8517943710150085,1.8159571177583085,2.1319196035474994,,0,0.0,0.0,0.2720238738565302,1.0
13,bull_crash_retrain_recovery,cpcv,4.889750653330943,-6.77928332289604,-1.3864272032517506,4.387220949266847,0,1.0,1.5452340789968495,-0.45885610875724747,0.0
13,bull_crash_retrain_recovery,wf,4.889750653330943,-4.1817543618053925,-0.8552080992016929,,0,1.0,0.0,-0.27230562446244755,1.0
13,bull_crash_retrain_recovery,kfold,4.889750653330943,-5.323306403962252,-1.0886662288875542,,0,1.0,0.0,-0.2907749769983673,0.0
14,double_crash_dev_holdout,cpcv,0.8842295588631733,0.11424835701271796,0.12920667022215765,-0.10523548722364826,1,0.4,1.0856447765563664,0.009142849387298257,0.8
14,double_crash_dev_holdout,wf,0.8842295588631733,0.2573990513855843,0.29109980412384573,,0,0.0,0.0,-0.11539247745393355,1.0
14,double_crash_dev_holdout,kfold,0.8842295588631733,-1.9909816333030586,-2.2516569519150686,,0,1.0,0.0,-0.6311068712892322,0.0
15,recovery_after_crash_dev,cpcv,0.5494173705288998,-1.649950455241447,-3.003091172114039,3.1479915503678684,0,1.0,0.5241279809180672,-1.1720873276491823,0.0
15,recovery_after_crash_dev,wf,0.5494173705288998,0.8929444666154913,1.6252570714243948,,0,0.0,0.0,-0.5133649591842044,1.0
15,recovery_after_crash_dev,kfold,0.5494173705288998,-1.2482468760305054,-2.271946507313508,,0,1.0,0.0,-1.1202509497437405,0.0
16,crash_start_warmup,cpcv,1.0566035330666086,-0.28205717625168514,-0.2669470311471163,0.1714351045431826,1,0.4,1.6452708271346963,0.010538356512589192,0.6
16,crash_start_warmup,wf,1.0566035330666086,-1.5064079326638096,-1.4257078322383814,,0,1.0,0.0,-0.07553015534276541,0.0
16,crash_start_warmup,kfold,1.0566035330666086,-0.7275695172186194,-0.6885927355428909,,0,1.0,0.0,-0.15465891036808954,1.0
17,long_bull_short_crash_holdout,cpcv,2.4817869356507676,-3.5407718579245264,-1.4267025936277944,2.16976438140971,0,1.0,1.6318692887861235,0.5116199582925238,0.2
17,long_bull_short_crash_holdout,wf,2.4817869356507676,-4.003752447173942,-1.6132538976896857,,0,1.0,0.0,0.432850055242149,0.0
17,long_bull_short_crash_holdout,kfold,2.4817869356507676,-2.166506707079067,-0.8729624110584543,,0,1.0,0.0,0.5032457572968403,1.0
18,volatile_bull,cpcv,-1.456491144348708,1.59081468350095,1.0922240685591718,-2.414967230766879,0,0.0,0.6587313745850634,-0.06302726231434752,0.8
18,volatile_bull,wf,-1.456491144348708,3.49669735359464,2.4007680150765633,,0,0.0,0.0,0.32072462695844517,1.0
18,volatile_bull,kfold,-1.456491144348708,0.759976719509205,0.5217860214653347,,0,0.0,0.0,-0.15596875400951749,0.0
19,bear_crash_recovery,cpcv,-1.4961617438591135,-2.0363432176017895,-1.3610448375383286,1.4829676303686603,0,1.0,1.3731541915689434,-2.2824938419110437,0.0
19,bear_crash_recovery,wf,-1.4961617438591135,-0.7183057960197126,-0.4800990260364203,,0,1.0,0.0,-1.2521957047144314,0.0
19,bear_crash_recovery,kfold,-1.4961617438591135,0.238815452255015,0.1596187399091145,,0,0.0,0.0,-1.5600234444126502,0.0
20,realistic_covid_analog,cpcv,-2.1256868866110734,2.523504231013583,1.1871476683175757,-1.996782988630334,0,0.0,1.2637849207362017,0.510290066762424,0.8
20,realistic_covid_analog,wf,-2.1256868866110734,3.096413718670389,1.4566650141060615,,0,0.0,0.0,0.5523169374985724,1.0
20,realistic_covid_analog,kfold,-2.1256868866110734,3.8484129441276407,1.8104326504375552,,0,0.0,0.0,0.5167129582119758,1.0
